n	mode	seed	steps	hash
# turns=60 lp=3000
# data-pins-sha256=d9d254113f1a4d4a974cf4be0d85833a92f2a73f49b0fcec8cbb9e1e9bd89975
# multi-scripts-sha256=edc48c10d4cd245f7ff1db4fb6cc659303ecf15e7279a12e7bfd4885f1195d18
# patches-sha256=5558da9b661e749aa109c54630649d3b8d9052b14f9b5767d4a1e3354e3d97ff
# card-script-patches-sha256=90d09af5d5aa84d5d14abc846ed1bf1904745f70cf503e64aefad6ab3dcf30d9
2	ffa	1	341	4cef9128c9c9ccdd
2	ffa	2	217	73a0162bba44f8a8
2	ffa	3	302	d16f9763290d852e
2	ffa	4	309	78c3a68e92ab3282
2	ffa	5	440	512ca2fc844295b8
2	ffa	6	229	54619590827c64f9
2	ffa	7	388	115b109b86467a42
2	ffa	8	293	d1167169db9cbd45
2	ffa	9	202	bcfe44c01e466783
2	ffa	10	103	bf005c58c5743eb9
2	ffa	11	438	70d6bf910b8aa290
2	ffa	12	320	b4587fc826d79ca0
2	ffa	13	480	ed5abafc89078f5c
2	ffa	14	490	c9d803270f81943b
2	ffa	15	256	ff5fcc31928d42dd
2	ffa	16	194	a1dde1e8aabf02fd
2	ffa	17	316	6adca6c7203321ca
2	ffa	18	442	db3e285803d120a5
2	ffa	19	188	7d6c574482fc8948
2	ffa	20	506	ce1196731d35ec75
3	ffa	1	1490	881359ba173a185e
3	ffa	2	744	0f2d79584f47ce91
3	ffa	3	766	c39af94c358cbf02
3	ffa	4	998	dda80d403fbab6ae
3	ffa	5	677	f958d5556cd3bcc9
3	ffa	6	806	534f89abd463d027
3	ffa	7	559	372aac1210132b29
3	ffa	8	885	364924d22bebb73b
3	ffa	9	535	4dc70a50d7c27659
3	ffa	10	402	0c3966b9184078b9
3	ffa	11	567	a70b9c80bdf6ad93
3	ffa	12	668	3dd68edd8f42f25a
3	ffa	13	856	d4e4a69756d618eb
3	ffa	14	1032	673fc030b1eae501
3	ffa	15	757	5bb22750ff5922be
3	ffa	16	822	b5e824dc728c4e41
3	ffa	17	941	aa40818ea9a2a429
3	ffa	18	1427	4b721be1496ecce6
3	ffa	19	1128	3c13063dd6ee7637
3	ffa	20	758	f72a7f518806dc0c
4	ffa	1	830	1e738769979ac135
4	ffa	2	988	54a16ba03d257a2b
4	ffa	3	1893	95430af7c688f140
4	ffa	4	1414	10a42e86cd686fc8
4	ffa	5	1273	06c88ba428bf47ee
4	ffa	6	1743	df1b448c9d430c50
4	ffa	7	1094	c308a5c159fbf8e8
4	ffa	8	1366	cb0c5ce564df2cf0
4	ffa	9	1586	0b6db2fea0d22574
4	ffa	10	847	ce4b30adb6f38a14
4	ffa	11	1031	571c6db8c5f3818d
4	ffa	12	1634	17a8904179c16df8
4	ffa	13	1972	f51d1b4ee3cd85b3
4	ffa	14	1181	f51e5346be883f70
4	ffa	15	887	adcadcea44b5e7ea
4	ffa	16	836	0ca020487fc156d0
4	ffa	17	1531	0522aab62a036300
4	ffa	18	1110	50a872b3df003fd7
4	ffa	19	1136	10bb8102f09a649e
4	ffa	20	1886	85133d094943001e
4	tag	1	1215	f168d949e5d226e3
4	tag	2	682	842a63c0c975f40c
4	tag	3	2018	c70d50254d55283f
4	tag	4	887	cb73e4b2ce80cb76
4	tag	5	549	a62fe2b8659f328f
4	tag	6	854	db1b79357458c066
4	tag	7	725	4bbd82fbc78ce492
4	tag	8	564	f1db2f7d4224368b
4	tag	9	791	1612a546dd47ec42
4	tag	10	690	5707fb4cdf16bb40
4	tag	11	1706	2610bf8669947d5c
4	tag	12	1864	bc3047199128c50f
4	tag	13	1170	713404eb35288fef
4	tag	14	1381	0657e99374587278
4	tag	15	304	a5ef3a068fa533a4
4	tag	16	840	2a29792a60bd6ff0
4	tag	17	1287	96c83dfadbec2da9
4	tag	18	393	c3db0d35fdb4c7ad
4	tag	19	459	2400c204f21c028d
4	tag	20	1609	1d82e7c1bfb89c53
